{"position":{"x":3046.6666666666665,"y":249.33333333333334},"levelRect":{"left":3969.0,"top":1589.0,"right":4158.0,"bottom":1671.0},"expRect":{"left":5110.0,"top":1595.0,"right":5436.0,"bottom":1680.0},"updateInterval":1,"timerEndTime":0,"volume":0.5,"showAverage":3600}